Wavelength [nm], Intensity [64 bit] LiF_1.tif
3.4787, 2.421875
3.48756104110463, 2.71875
3.49641956643704, 2.21875
3.50527557902501, 1.59375
3.51412908189632, 2.078125
3.5229800780787497, 2.34375
3.53182857060008, 2.078125
3.54067456248809, 2.390625
3.5495180567705598, 1.59375
3.55835905647527, 2.453125
3.56719756463, 2.015625
3.5760335842625297, 2.390625
3.58486711840064, 2.390625
3.59369817007211, 1.640625
3.60252674230472, 1.875
3.61135283812625, 2.5625
3.6201764605644797, 1.890625
3.62899761264719, 2.640625
3.6378162974021597, 2.8125
3.64663251785717, 2.453125
3.65544627704, 2.34375
3.66425757797843, 2.265625
3.6730664237002397, 2.46875
3.68187281723321, 2.78125
3.6906767616051197, 2.390625
3.69947825984375, 2.0
3.70827731497688, 2.453125
3.71707393003229, 1.734375
3.72586810803776, 2.5625
3.73465985202107, 2.921875
3.74344916501, 2.09375
3.7522360500323297, 2.125
3.76102051011584, 2.078125
3.7698025482883097, 2.3125
3.77858216757752, 2.171875
3.78735937101125, 2.5625
3.79613416161728, 1.671875
3.80490654242339, 2.953125
3.81367651645736, 2.53125
3.82244408674697, 2.3125
3.8312092563199998, 2.0625
3.83997202820423, 3.296875
3.84873240542744, 2.671875
3.85749039101741, 1.765625
3.86624598800192, 2.953125
3.87499919940875, 2.203125
3.88375002826568, 2.53125
3.89249847760049, 2.546875
3.9012445504409596, 2.453125
3.90998824981487, 2.453125
3.91872957875, 2.125
3.92746854027413, 2.296875
3.93620513741504, 2.71875
3.94493937320051, 3.125
3.95367125065832, 2.59375
3.96240077281625, 2.1875
3.97112794270208, 2.515625
3.97985276334359, 2.921875
3.98857523776856, 2.296875
3.99729536900477, 2.390625
4.00601316008, 1.796875
4.0147286140220295, 2.953125
4.02344173385864, 2.28125
4.03215252261761, 2.203125
4.04086098332672, 2.609375
4.04956711901375, 2.5625
4.058270932706479, 2.5
4.06697242743269, 3.203125
4.07567160622016, 2.734375
4.08436847209667, 2.78125
4.09306302809, 2.828125
4.10175527722793, 2.859375
4.11044522253824, 2.375
4.11913286704871, 3.28125
4.12781821378712, 2.8125
4.13650126578125, 2.3125
4.14518202605888, 2.796875
4.1538604976477895, 2.5
4.16253668357576, 2.1875
4.17121058687057, 2.625
4.17988221056, 3.203125
4.18855155767183, 2.75
4.19721863123384, 2.546875
4.20588343427381, 2.890625
4.21454596981952, 2.28125
4.22320624089875, 2.1875
4.23186425053928, 2.21875
4.24052000176889, 2.171875
4.2491734976153595, 1.828125
4.25782474110647, 2.546875
4.26647373527, 2.875
4.27512048313373, 2.453125
4.28376498772544, 2.1875
4.29240725207291, 2.578125
4.30104727920392, 2.71875
4.30968507214625, 2.765625
4.31832063392768, 2.765625
4.32695396757599, 2.3125
4.33558507611896, 2.6875
4.344213962584369, 3.109375
4.35284063, 2.578125
4.3614650813936295, 2.09375
4.37008731979304, 3.71875
4.37870734822601, 3.203125
4.38732516972032, 1.9375
4.39594078730375, 2.734375
4.40455420400408, 2.921875
4.41316542284909, 2.609375
4.42177444686656, 2.125
4.43038127908427, 2.609375
4.43898592253, 2.421875
4.4475883802315295, 2.15625
4.45618865521664, 2.328125
4.46478675051311, 2.671875
4.4733826691487195, 2.59375
4.48197641415125, 2.390625
4.49056798854848, 2.6875
4.49915739536819, 3.09375
4.50774463763816, 2.1875
4.51632971838617, 3.046875
4.52491264064, 2.46875
4.53349340742743, 2.9375
4.54207202177624, 2.5625
4.55064848671421, 2.890625
4.55922280526912, 2.40625
4.56779498046875, 2.21875
4.57636501534088, 2.75
4.58493291291329, 2.765625
4.59349867621376, 2.84375
4.60206230827007, 2.703125
4.61062381211, 3.171875
4.61918319076133, 2.984375
4.62774044725184, 2.125
4.63629558460931, 2.5625
4.64484860586152, 2.578125
4.65339951403625, 2.9375
4.66194831216128, 2.125
4.67049500326439, 1.9375
4.67903959037336, 2.203125
4.6875820765159695, 2.203125
4.69612246472, 2.328125
4.70466075801323, 2.5625
4.71319695942344, 3.40625
4.72173107197841, 2.484375
4.73026309870592, 2.046875
4.73879304263375, 2.9375
4.74732090678968, 2.953125
4.75584669420149, 2.90625
4.76437040789696, 3.015625
4.77289205090387, 2.21875
4.78141162625, 2.703125
4.78992913696313, 2.65625
4.7984445860710405, 2.671875
4.80695797660151, 3.296875
4.81546931158232, 3.34375
4.82397859404125, 2.046875
4.83248582700608, 2.890625
4.84099101350459, 2.9375
4.84949415656456, 3.25
4.857995259213769, 3.140625
4.86649432448, 2.890625
4.87499135539103, 3.328125
4.8834863549746395, 3.546875
4.8919793262586095, 3.0625
4.90047027227072, 3.109375
4.90895919603875, 4.109375
4.91744610059048, 2.78125
4.92593098895369, 4.0625
4.934413864156159, 4.609375
4.94289472922567, 6.5
4.95137358719, 7.390625
4.95985044107693, 7.6875
4.96832529391424, 9.21875
4.97679814872971, 12.015625
4.9852690085511195, 14.203125
4.99373787640625, 12.828125
5.00220475532288, 15.796875
5.01066964832879, 16.890625
5.01913255845176, 19.65625
5.02759348871957, 21.015625
5.03605244216, 22.84375
5.0445094218008295, 26.609375
5.05296443066984, 25.75
5.06141747179481, 27.765625
5.0698685482035195, 29.34375
5.07831766292375, 30.875
5.08676481898328, 31.265625
5.09521001940989, 30.96875
5.10365326723136, 31.5
5.11209456547547, 33.515625
5.12053391717, 35.984375
5.1289713253427305, 36.125
5.13740679302144, 38.859375
5.14584032323391, 40.28125
5.15427191900792, 39.671875
5.16270158337125, 43.859375
5.17112931935168, 45.296875
5.17955512997699, 42.859375
5.18797901827496, 41.015625
5.196400987273369, 42.5625
5.20482104, 43.890625
5.213239179482629, 43.75
5.22165540874904, 44.390625
5.23006973082701, 45.375
5.23848214874432, 44.234375
5.24689266552875, 45.3125
5.25530128420808, 47.40625
5.26370800781009, 46.0625
5.27211283936256, 45.84375
5.2805157818932695, 49.734375
5.28891683843, 48.890625
5.29731601200053, 51.59375
5.30571330563264, 53.515625
5.31410872235411, 51.453125
5.322502265192719, 50.09375
5.33089393717625, 51.109375
5.33928374133248, 50.171875
5.34767168068919, 53.796875
5.35605775827416, 53.171875
5.36444197711517, 53.734375
5.372824340239999, 53.328125
5.38120485067643, 51.6875
5.389583511452241, 54.6875
5.39796032559521, 56.109375
5.40633529613312, 55.453125
5.41470842609375, 53.328125
5.42307971850488, 55.625
5.43144917639429, 55.625
5.4398168027897595, 54.734375
5.44818260071907, 53.9375
5.45654657321, 56.515625
5.46490872329033, 57.3125
5.47326905398784, 57.65625
5.48162756833031, 56.140625
5.48998426934552, 58.359375
5.498339160061249, 59.296875
5.50669224350528, 57.453125
5.5150435227053904, 58.796875
5.52339300068936, 61.09375
5.53174068048497, 62.671875
5.540086565119999, 60.640625
5.54843065762223, 61.484375
5.5567729610194405, 61.953125
5.56511347833941, 64.71875
5.57345221260992, 67.34375
5.58178916685875, 65.625
5.59012434411368, 68.453125
5.59845774740249, 70.078125
5.606789379752961, 68.625
5.61511924419287, 68.203125
5.62344734375, 68.375
5.63177368145213, 67.53125
5.64009826032704, 69.765625
5.64842108340251, 70.96875
5.65674215370632, 71.703125
5.66506147426625, 72.25
5.67337904811008, 70.734375
5.68169487826559, 71.59375
5.69000896776056, 71.484375
5.69832131962277, 71.09375
5.706631936879999, 74.15625
5.714940822560029, 73.953125
5.72324797969064, 74.109375
5.731553411299609, 73.71875
5.73985712041472, 73.390625
5.7481591100637495, 75.75
5.75645938327448, 78.703125
5.76475794307469, 76.15625
5.77305479249216, 75.28125
5.781349934554671, 75.5
5.78964337229, 74.40625
5.79793510872593, 79.015625
5.80622514689024, 77.484375
5.81451348981071, 74.171875
5.82280014051512, 71.671875
5.831085102031249, 75.90625
5.839368377386879, 80.40625
5.84764996960979, 78.421875
5.85592988172776, 77.640625
5.86420811676857, 77.578125
5.87248467776, 82.515625
5.8807595677298306, 83.328125
5.88903278970584, 82.84375
5.89730434671581, 82.40625
5.905574241787519, 76.765625
5.91384247794875, 78.453125
5.92210905822728, 86.65625
5.93037398565089, 85.109375
5.93863726324736, 77.921875
5.94689889404447, 77.484375
5.95515888107, 79.609375
5.96341722735173, 82.59375
5.97167393591744, 82.15625
5.97992900979491, 85.4375
5.98818245201192, 83.046875
5.99643426559625, 79.4375
6.004684453575679, 81.109375
6.012933018977989, 87.109375
6.02117996483096, 85.203125
6.02942529416237, 86.03125
6.03766901, 84.359375
6.04591111537163, 84.53125
6.05415161330504, 87.546875
6.0623905068280095, 83.859375
6.07062779896832, 82.203125
6.07886349275375, 83.1875
6.08709759121208, 83.4375
6.0953300973710896, 85.125
6.10356101425856, 86.078125
6.1117903449022695, 83.34375
6.12001809233, 86.0
6.12824425956953, 88.953125
6.13646884964864, 92.875
6.14469186559511, 89.484375
6.15291331043672, 86.375
6.16113318720125, 84.390625
6.16935149891648, 88.25
6.177568248610189, 87.78125
6.18578343931016, 90.4375
6.193997074044169, 91.78125
6.20220915584, 91.09375
6.21041968772543, 85.90625
6.21862867272824, 86.28125
6.22683611387621, 90.125
6.23504201419712, 89.53125
6.24324637671875, 88.328125
6.25144920446888, 89.421875
6.25965050047529, 87.859375
6.26785026776576, 92.515625
6.27604850936807, 93.859375
6.2842452283100005, 90.96875
6.292440427619329, 93.875
6.30063411032384, 92.515625
6.30882627945131, 93.265625
6.31701693802952, 93.703125
6.32520608908625, 94.296875
6.33339373564928, 92.359375
6.341579880746391, 91.484375
6.34976452740536, 93.484375
6.35794767865397, 97.046875
6.36612933752, 94.5625
6.37430950703123, 89.828125
6.38248819021544, 93.8125
6.390665390100409, 93.21875
6.39884110971392, 92.578125
6.40701535208375, 90.875
6.41518812023768, 92.859375
6.42335941720349, 97.484375
6.43152924600896, 105.375
6.43969760968187, 103.640625
6.44786451125, 98.671875
6.45602995374113, 99.015625
6.46419394018304, 101.625
6.47235647360351, 97.953125
6.4805175570303195, 93.96875
6.488677193491251, 90.75
6.49683538601408, 88.09375
6.50499213762659, 89.109375
6.513147451356559, 91.21875
6.52130133023177, 94.328125
6.5294537772800005, 91.71875
6.537604795529029, 98.25
6.545754388006641, 102.875
6.55390255774061, 106.46875
6.56204930775872, 110.21875
6.570194641088749, 109.921875
6.57833856075848, 105.53125
6.58648106979569, 102.984375
6.59462217122816, 101.734375
6.60276186808367, 96.265625
6.610900163389999, 92.546875
6.6190370601749295, 89.015625
6.62717256146624, 89.328125
6.63530667029171, 88.4375
6.64343938967912, 86.09375
6.65157072265625, 87.4375
6.65970067225088, 87.6875
6.667829241490789, 87.390625
6.67595643340376, 86.046875
6.6840822510175695, 90.5625
6.69220669736, 94.34375
6.70032977545883, 101.109375
6.70845148834184, 114.578125
6.71657183903681, 124.078125
6.72469083057152, 135.671875
6.732808465973751, 136.921875
6.740924748271279, 137.5625
6.74903968049189, 127.203125
6.75715326566336, 115.59375
6.765265506813471, 106.28125
6.77337640697, 105.421875
6.78148596916073, 97.328125
6.78959419641344, 95.0
6.7977010917559095, 93.125
6.8058066582159205, 89.796875
6.81391089882125, 89.25
6.82201381659968, 87.875
6.83011541457899, 93.09375
6.8382156957869595, 92.34375
6.84631466325137, 89.28125
6.85441232, 87.703125
6.86250866906063, 88.3125
6.87060371346104, 87.21875
6.878697456229009, 89.953125
6.886789900392319, 88.890625
6.89488104897875, 86.578125
6.90297090501608, 88.921875
6.91105947153209, 92.796875
6.91914675155456, 89.171875
6.927232748111271, 91.125
6.93531746423, 97.171875
6.94340090293853, 99.5625
6.95148306726464, 100.453125
6.95956396023611, 102.546875
6.96764358488072, 118.0625
6.975721944226249, 137.109375
6.98379904130048, 162.171875
6.99187487913119, 200.953125
6.99994946074616, 223.828125
7.00802278917317, 220.40625
7.01609486744, 194.21875
7.02416569857443, 161.0
7.032235285604239, 129.46875
7.04030363155721, 117.9375
7.04837073946112, 111.890625
7.0564366123437505, 107.390625
7.06450125323288, 105.234375
7.07256466515629, 101.796875
7.08062685114176, 103.625
7.088687814217071, 103.140625
7.09674755741, 101.984375
7.10480608374833, 102.203125
7.11286339625984, 99.90625
7.120919497972309, 97.890625
7.12897439191352, 90.546875
7.13702808111125, 89.90625
7.145080568593279, 91.140625
7.15313185738739, 90.8125
7.161181950521359, 93.703125
7.16923085102297, 104.03125
7.17727856192, 106.578125
7.18532508624023, 113.3125
7.19337042701144, 113.921875
7.201414587261409, 113.1875
7.2094575700179195, 106.640625
7.21749937830875, 101.5
7.2255400151616795, 94.953125
7.23357948360449, 90.359375
7.24161778666496, 88.171875
7.2496549273708695, 85.78125
7.25769090875, 84.0
7.26572573383013, 86.203125
7.27375940563904, 92.734375
7.281791927204511, 97.25
7.2898233015543195, 104.25
7.2978535317162505, 119.390625
7.30588262071808, 132.03125
7.31391057158759, 146.140625
7.32193738735256, 153.90625
7.329963071040771, 145.65625
7.337987625679999, 134.453125
7.34601105429803, 125.640625
7.3540333599226395, 118.859375
7.362054545581611, 108.5
7.37007461430272, 99.953125
7.37809356911375, 90.53125
7.38611141304248, 89.5
7.39412814911669, 86.171875
7.40214378036416, 83.078125
7.41015830981267, 82.203125
7.418171740489999, 86.515625
7.42618407542393, 98.046875
7.43419531764224, 118.8125
7.44220547017271, 147.9375
7.45021453604312, 198.484375
7.45822251828125, 277.640625
7.46622941991488, 388.890625
7.4742352439717905, 509.671875
7.48223999347976, 545.421875
7.49024367146657, 452.1875
7.498246280959999, 352.375
7.506247824987829, 306.171875
7.51424830657784, 278.125
7.52224772875781, 251.34375
7.53024609455552, 219.03125
7.53824340699875, 182.09375
7.5462396691152795, 157.03125
7.5542348839328906, 134.65625
7.56222905447936, 116.59375
7.57022218378247, 103.671875
7.57821427487, 94.828125
7.5862053307697295, 88.421875
7.5941953545094405, 88.046875
7.60218434911691, 83.078125
7.610172317619919, 77.859375
7.61815926304625, 79.8125
7.62614518842368, 81.359375
7.634130096779989, 73.8125
7.64211399114296, 73.5625
7.65009687454037, 74.625
7.65807875, 72.8125
7.66605962054963, 74.59375
7.67403948921704, 72.1875
7.6820183590300095, 76.40625
7.68999623301632, 76.703125
7.69797311420375, 76.90625
7.70594900562008, 75.859375
7.713923910293089, 74.609375
7.72189783125056, 73.75
7.72987077152027, 74.890625
7.73784273413, 80.109375
7.745813722107529, 82.96875
7.75378373848064, 92.5
7.76175278627711, 104.015625
7.76972086852472, 129.359375
7.77768798825125, 170.953125
7.78565414848448, 235.140625
7.79361935225219, 336.15625
7.80158360258216, 457.640625
7.80954690250217, 536.34375
7.81750925504, 510.1875
7.82547066322343, 411.484375
7.83343113008024, 321.15625
7.841390658638209, 258.765625
7.84934925192512, 210.0
7.85730691296875, 174.828125
7.86526364479688, 153.234375
7.87321945043729, 131.921875
7.88117433291776, 118.625
7.88912829526607, 106.03125
7.89708134051, 97.140625
7.9050334716773305, 91.71875
7.91298469179584, 86.28125
7.92093500389331, 85.375
7.92888441099752, 83.703125
7.936832916136249, 78.84375
7.94478052233728, 76.078125
7.952727232628391, 75.109375
7.96067305003736, 77.109375
7.96861797759197, 76.828125
7.97656201832, 74.25
7.98450517524923, 73.6875
7.99244745140744, 75.59375
8.00038884982241, 76.765625
8.00832937352192, 78.84375
8.016269025533749, 80.734375
8.02420780888568, 80.203125
8.032145726605489, 85.453125
8.04008278172096, 88.765625
8.04801897725987, 88.140625
8.05595431625, 85.4375
8.06388880171913, 85.390625
8.07182243669504, 85.421875
8.07975522420551, 83.28125
8.087687167278318, 82.125
8.09561826894125, 77.71875
8.10354853222208, 79.0625
8.11147796014859, 79.421875
8.11940655574856, 76.640625
8.12733432204977, 76.125
8.13526126208, 79.984375
8.14318737886703, 82.703125
8.15111267543864, 83.140625
8.15903715482261, 82.953125
8.16696082004672, 90.640625
8.17488367413875, 89.96875
8.18280572012648, 89.515625
8.19072696103769, 89.734375
8.19864739990016, 89.921875
8.206567039741671, 90.796875
8.21448588359, 90.859375
8.22240393447293, 84.953125
8.23032119541824, 87.09375
8.23823766945371, 92.78125
8.24615335960712, 96.34375
8.254068268906249, 97.296875
8.26198240037888, 100.203125
8.26989575705279, 109.28125
8.27780834195576, 121.59375
8.28572015811557, 133.65625
8.29363120856, 176.546875
8.30154149631683, 247.96875
8.309451024413839, 357.0625
8.317359795878811, 549.625
8.325267813739519, 884.71875
8.33317508102375, 1327.171875
8.34108160075928, 1636.515625
8.34898737597389, 1527.875
8.356892409695359, 1053.46875
8.36479670495147, 647.203125
8.37270026477, 443.421875
8.380603092178731, 341.984375
8.38850519020544, 283.46875
8.39640656187791, 258.765625
8.40430721022392, 290.484375
8.412207138271249, 382.28125
8.42010634904768, 504.171875
8.42800484558099, 676.515625
8.43590263089896, 963.359375
8.44379970802937, 1448.234375
8.451696080000001, 1918.546875
8.45959174983863, 1602.421875
8.467486720573039, 732.6875
8.47538099523101, 324.234375
8.48327457684032, 203.625
8.491167468428749, 161.765625
8.49905967302408, 142.140625
8.50695119365409, 133.625
8.51484203334656, 124.296875
8.522732195129269, 114.828125
8.530621682029999, 109.578125
8.53851049707653, 105.234375
8.54639864329664, 105.4375
8.55428612371811, 110.484375
8.56217294136872, 115.25
8.57005909927625, 114.484375
8.57794460046848, 115.671875
8.58582944797319, 113.015625
8.593713644818159, 106.234375
8.60159719403117, 100.046875
8.609480098639999, 100.546875
8.61736236167243, 98.09375
8.625243986156239, 101.15625
8.633124975119209, 101.765625
8.64100533158912, 102.671875
8.648885058593748, 100.4375
8.65676415916088, 96.8125
8.664642636318291, 95.984375
8.67252049309376, 95.796875
8.68039773251507, 95.859375
8.68827435761, 101.984375
8.696150371406329, 105.46875
8.70402577693184, 119.78125
8.71190057721431, 124.21875
8.71977477528152, 137.21875
8.727648374161252, 153.828125
8.73552137688128, 170.328125
8.74339378646939, 185.59375
8.75126560595336, 183.25
8.75913683836097, 174.328125
8.76700748672, 154.296875
8.774877554058229, 128.0625
8.78274704340344, 116.3125
8.790615957783409, 112.328125
8.798484300225919, 114.203125
8.80635207375875, 119.5625
8.814219281409681, 127.546875
8.82208592620649, 125.015625
8.82995201117696, 127.640625
8.837817539348869, 122.0625
8.845682513749999, 112.984375
8.85354693740813, 109.46875
8.86141081335104, 106.71875
8.86927414460651, 102.4375
8.87713693420232, 104.40625
8.88499918516625, 106.171875
8.892860900526081, 117.765625
8.900722083309589, 123.6875
8.90858273654456, 132.59375
8.91644286325877, 146.234375
8.92430246648, 151.859375
8.93216154923603, 132.65625
8.940020114554638, 109.46875
8.94787816546361, 99.515625
8.955735704990719, 96.109375
8.96359273616375, 93.21875
8.97144926201048, 100.453125
8.979305285558691, 105.203125
8.98716080983616, 116.9375
8.995015837870671, 134.078125
9.002870372690001, 151.0625
9.01072441732193, 155.765625
9.01857797479424, 150.734375
9.02643104813471, 139.0625
9.03428364037112, 129.921875
9.04213575453125, 117.3125
9.04998739364288, 114.796875
9.05783856073379, 116.0625
9.06568925883176, 111.703125
9.07353949096457, 114.859375
9.081389260160002, 113.96875
9.089238569445829, 115.234375
9.097087421849839, 115.546875
9.10493582039981, 111.8125
9.11278376812352, 105.203125
9.12063126804875, 100.734375
9.128478323203279, 102.328125
9.13632493661489, 101.546875
9.144171111311358, 99.5
9.15201685032047, 100.046875
9.15986215667, 99.25
9.16770703338773, 99.703125
9.17555148350144, 100.6875
9.18339551003891, 97.5625
9.19123911602792, 100.34375
9.199082304496251, 104.859375
9.20692507847168, 112.296875
9.21476744098199, 114.390625
9.22260939505496, 117.46875
9.23045094371837, 117.1875
9.238292090000002, 115.3125
9.24613283692763, 117.859375
9.25397318752904, 113.90625
9.26181314483201, 122.671875
9.269652711864321, 159.390625
9.27749189165375, 190.484375
9.285330687228079, 226.75
9.293169101615089, 242.6875
9.301007137842559, 231.703125
9.30884479893827, 205.625
9.316682087930001, 171.484375
9.324519007845531, 152.390625
9.33235556171264, 141.671875
9.340191752559111, 140.5625
9.348027583412719, 136.28125
9.35586305730125, 130.640625
9.36369817725248, 136.5625
9.37153294629419, 146.90625
9.379367367454162, 161.703125
9.387201443760171, 184.609375
9.39503517824, 222.109375
9.402868573921431, 338.78125
9.41070163383224, 647.78125
9.418534361000209, 1308.078125
9.42636675845312, 2513.9375
9.43419882921875, 4351.90625
9.44203057632488, 5930.640625
9.44986200279929, 5886.9375
9.45769311166976, 4165.328125
9.46552390596407, 2094.875
9.47335438871, 875.953125
9.48118456293533, 464.890625
9.48901443166784, 369.890625
9.496843997935311, 362.09375
9.50467326476552, 321.328125
9.51250223518625, 255.53125
9.52033091222528, 210.140625
9.52815929891039, 183.109375
9.535987398269361, 168.578125
9.543815213329971, 163.25
9.551642747119999, 165.90625
9.55947000266723, 166.8125
9.56729698299944, 165.125
9.575123691144409, 172.03125
9.58295013012992, 177.875
9.590776302983748, 213.90625
9.598602212733681, 297.296875
9.60642786240749, 442.140625
9.61425325503296, 594.859375
9.62207839363787, 650.640625
9.629903281249998, 558.59375
9.637727920897131, 445.15625
9.645552315607041, 368.5
9.653376468407508, 287.046875
9.66120038232632, 252.71875
9.66902406039125, 268.96875
9.676847505630079, 310.640625
9.684670721070589, 350.75
9.69249370974056, 330.28125
9.700316474667769, 271.46875
9.70813901888, 244.9375
9.71596134540503, 215.71875
9.72378345727064, 184.859375
9.731605357504609, 161.0
9.739427049134719, 147.890625
9.74724853518875, 144.46875
9.75506981869448, 153.109375
9.76289090267969, 185.09375
9.77071179017216, 269.4375
9.778532484199669, 389.796875
9.78635298779, 525.671875
9.79417330397093, 649.859375
9.801993435770239, 708.6875
9.809813386215708, 662.515625
9.81763315833512, 543.03125
9.825452755156249, 376.609375
9.83327217970688, 224.9375
9.84109143501479, 156.96875
9.84891052410776, 140.9375
9.85672945001357, 136.28125
9.86454821576, 129.265625
9.87236682437483, 132.078125
9.88018527888584, 133.203125
9.88800358232081, 132.328125
9.89582173770752, 134.453125
9.90363974807375, 140.6875
9.91145761644728, 157.765625
9.91927534585589, 173.734375
9.927092939327359, 190.890625
9.934910399889471, 194.75
9.94272773057, 183.59375
9.95054493439673, 161.25
9.95836201439744, 139.0625
9.96617897359991, 130.1875
9.97399581503192, 127.3125
9.98181254172125, 121.84375
9.98962915669568, 120.453125
9.99744566298299, 117.34375
10.00526206361096, 118.078125
10.01307836160737, 116.15625
10.02089456, 113.140625
10.02871066181663, 115.71875
10.036526670085038, 113.265625
10.04434258783301, 114.4375
10.05215841808832, 112.4375
10.05997416387875, 117.875
10.06778982823208, 118.8125
10.075605414176088, 116.203125
10.083420924738562, 116.921875
10.09123636294727, 116.515625
10.09905173183, 115.625
10.106867034414531, 123.40625
10.11468227372864, 126.875
10.122497452800111, 127.796875
10.13031257465672, 126.390625
10.13812764232625, 118.046875
10.14594265883648, 113.0
10.153757627215189, 112.796875
10.16157255049016, 115.28125
10.16938743168917, 119.015625
10.177202273839999, 129.21875
10.18501707997043, 138.09375
10.192831853108242, 154.84375
10.20064659628121, 190.828125
10.20846131251712, 246.046875
10.216276004843749, 328.109375
10.22409067628888, 418.890625
10.23190532988029, 465.546875
10.23971996864576, 433.734375
10.24753459561307, 333.796875
10.25534921381, 244.71875
10.26316382626433, 189.359375
10.27097843600384, 154.6875
10.278793046056311, 139.328125
10.286607659449519, 134.671875
10.29442227921125, 138.09375
10.30223690836928, 146.484375
10.310051549951389, 159.84375
10.31786620698536, 170.140625
10.325680882498968, 172.578125
10.33349557952, 157.609375
10.34131030107623, 146.234375
10.34912505019544, 138.296875
10.35693982990541, 132.609375
10.364754643233919, 132.09375
10.37256949320875, 134.40625
10.380384382857681, 134.953125
10.388199315208489, 138.015625
10.39601429328896, 148.171875
10.40382932012687, 174.140625
10.411644398750001, 218.34375
10.41945953218613, 211.359375
10.42727472346304, 161.53125
10.435089975608511, 169.359375
10.44290529165032, 240.296875
10.45072067461625, 333.078125
10.45853612753408, 389.046875
10.46635165343159, 367.4375
10.47416725533656, 288.171875
10.48198293627677, 226.546875
10.489798699280001, 192.328125
10.497614547374031, 173.4375
10.50543048358664, 165.65625
10.51324651094561, 151.25
10.52106263247872, 143.171875
10.52887885121375, 131.015625
10.53669517017848, 123.234375
10.544511592400688, 124.03125
10.552328120908161, 146.796875
10.560144758728669, 181.921875
10.56796150889, 231.53125
10.57577837441993, 267.546875
10.58359535834624, 229.578125
10.59141246369671, 161.03125
10.59922969349912, 125.859375
10.607047050781249, 119.6875
10.614864538570881, 113.78125
10.622682159895788, 109.4375
10.63049991778376, 104.6875
10.638317815262571, 101.234375
10.64613585536, 103.578125
10.65395404110383, 109.15625
10.661772375521839, 116.296875
10.66959086164181, 134.71875
10.67740950249152, 158.15625
10.68522830109875, 185.390625
10.69304726049128, 219.390625
10.70086638369689, 282.65625
10.70868567374336, 416.5
10.716505133658469, 578.09375
10.724324766470001, 631.65625
10.73214457520573, 554.484375
10.73996456289344, 432.125
10.747784732560909, 328.21875
10.75560508723592, 284.328125
10.76342562994625, 283.453125
10.77124636371968, 291.3125
10.77906729158399, 282.0
10.78688841656696, 245.890625
10.79470974169637, 218.046875
10.80253127, 264.578125
10.810353004505629, 527.015625
10.81817494824104, 1022.15625
10.825997104234009, 1562.796875
10.833819475512321, 1933.75
10.84164206510375, 1800.015625
10.84946487603608, 1135.703125
10.857287911337089, 514.0
10.86511117403456, 250.859375
10.87293466715627, 173.671875
10.880758393730002, 144.453125
10.88858235678353, 127.46875
10.896406559344639, 119.125
10.90423100444111, 116.234375
10.91205569510072, 113.5
10.91988063435125, 110.234375
10.927705825220482, 107.375
10.93553127073619, 111.484375
10.94335697392616, 117.03125
10.95118293781817, 113.5
10.959009165440001, 112.53125
10.96683565981943, 106.71875
10.97466242398424, 104.5625
10.98248946096221, 106.65625
10.99031677378112, 111.609375
10.99814436546875, 115.71875
11.00597223905288, 118.78125
11.01380039756129, 128.90625
11.021628844021759, 137.03125
11.02945758146207, 149.078125
11.037286612909998, 149.140625
11.04511594139333, 136.546875
11.05294556993984, 137.4375
11.06077550157731, 145.953125
11.06860573933352, 151.0625
11.07643628623625, 153.140625
11.08426714531328, 156.390625
11.092098319592388, 159.71875
11.09992981210136, 183.234375
11.107761625867969, 214.484375
11.11559376392, 217.8125
11.12342622928523, 205.296875
11.13125902499144, 222.609375
11.139092154066411, 247.609375
11.146925619537921, 249.234375
11.154759424433749, 215.03125
11.16259357178168, 180.046875
11.170428064609489, 176.296875
11.178262905944958, 189.8125
11.186098098815869, 204.78125
11.193933646249999, 216.640625
11.201769551275131, 261.921875
11.20960581691904, 496.765625
11.21744244620951, 1381.59375
11.22527944217432, 3619.96875
11.23311680784125, 7539.40625
11.240954546238079, 8628.59375
11.24879266039259, 8123.1875
11.25663115333256, 3110.390625
11.26447002808577, 1062.28125
11.272309287679999, 573.0625
11.280148935143032, 459.984375
11.28798897350264, 489.59375
11.295829405786609, 656.5
11.30367023502272, 1140.765625
11.31151146423875, 2222.359375
11.31935309646248, 3354.890625
11.327195134721691, 3511.203125
11.33503758204416, 2543.65625
11.34288044145767, 1499.453125
11.35072371599, 912.859375
11.358567408668929, 610.609375
11.36641152252224, 445.96875
11.37425606057771, 342.640625
11.38210102586312, 279.375
11.38994642140625, 249.015625
11.397792250234879, 224.625
11.40563851537679, 196.59375
11.413485219859762, 183.5625
11.421332366711571, 170.375
11.42917995896, 150.796875
11.437027999632829, 146.5625
11.444876491757839, 146.1875
11.45272543836281, 138.625
11.46057484247552, 137.375
11.46842470712375, 130.78125
11.47627503533528, 127.21875
11.48412583013789, 123.5625
11.49197709455936, 131.875
11.49982883162747, 143.21875
11.507681044369999, 156.8125
11.51553373581473, 167.921875
11.523386908989439, 178.796875
11.53124056692191, 267.421875
11.53909471263992, 491.890625
11.54694934917125, 790.59375
11.55480447954368, 962.328125
11.56266010678499, 706.125
11.570516233922959, 342.859375
11.57837286398537, 193.859375
11.58623, 174.359375
11.59408764499463, 167.640625
11.60194580199704, 160.71875
11.609804474035009, 158.4375
11.61766366413632, 161.796875
11.62552337532875, 191.609375
11.633383610640081, 260.6875
11.64124437309809, 337.59375
11.649105665730561, 383.40625
11.65696749156527, 370.703125
11.66482985363, 314.203125
11.67269275495253, 278.203125
11.680556198560641, 296.46875
11.688420187482109, 329.203125
11.69628472474472, 295.28125
11.70414981337625, 216.1875
11.712015456404481, 166.453125
11.71988165685719, 146.203125
11.727748417762161, 153.5625
11.735615742147171, 165.140625
11.74348363304, 163.484375
11.75135209346843, 149.75
11.75922112646024, 138.40625
11.76709073504321, 132.609375
11.77496092224512, 133.59375
11.78283169109375, 151.640625
11.79070304461688, 180.40625
11.79857498584229, 201.796875
11.80644751779776, 204.203125
11.81432064351107, 192.21875
11.82219436601, 175.078125
11.830068688322331, 159.171875
11.83794361347584, 145.28125
11.84581914449831, 134.0
11.85369528441752, 141.21875
11.86157203626125, 182.25
11.86944940305728, 247.859375
11.87732738783339, 234.828125
11.88520599361736, 197.0
11.893085223436971, 171.375
11.90096508032, 152.65625
11.90884556729423, 145.84375
11.91672668738744, 161.71875
11.924608443627411, 209.734375
11.93249083904192, 339.03125
11.94037387665875, 572.265625
11.948257559505679, 819.1875
11.956141890610489, 899.265625
11.96402687300096, 684.171875
11.97191250970487, 353.453125
11.979798803749999, 215.8125
11.98768575816413, 196.703125
11.99557337597504, 221.8125
12.00346166021051, 225.828125
12.01135061389832, 199.0
12.019240240066251, 160.625
12.02713054174208, 131.0625
12.03502152195359, 118.75
12.04291318372856, 118.25
12.050805530094769, 134.828125
12.05869856408, 150.78125
12.066592288712028, 150.859375
12.074486707018641, 140.15625
12.08238182202761, 136.625
12.09027763676672, 139.09375
12.09817415426375, 144.78125
12.106071377546481, 146.296875
12.11396930964269, 169.953125
12.12186795358016, 234.578125
12.129767312386669, 367.453125
12.137667389090002, 562.625
12.14556818671793, 887.265625
12.15346970829824, 1393.75
12.16137195685871, 1722.71875
12.16927493542712, 1361.015625
12.17717864703125, 642.78125
12.185083094698879, 267.390625
12.19298828145779, 174.8125
12.20089421033576, 157.453125
12.20880088436057, 153.515625
12.21670830656, 150.28125
12.22461647996183, 171.375
12.23252540759384, 254.25
12.24043509248381, 453.75
12.248345537659521, 749.03125
12.25625674614875, 876.921875
12.26416872097928, 693.5625
12.27208146517889, 401.671875
12.27999498177536, 277.421875
12.28790927379647, 267.203125
12.29582434427, 309.53125
12.30374019622373, 378.78125
12.311656832685442, 397.546875
12.31957425668291, 347.3125
12.32749247124392, 268.234375
12.33541147939625, 220.390625
12.34333128416768, 207.5
12.35125188858599, 265.21875
12.359173295678959, 589.328125
12.367095508474371, 1422.09375
12.37501853, 2460.671875
12.382942363283629, 2632.953125
12.39086701135304, 1613.671875
12.39879247723601, 628.75
12.40671876396032, 290.375
12.41464587455375, 216.0
12.42257381204408, 187.796875
12.43050257945909, 177.5625
12.43843217982656, 178.1875
12.44636261617427, 183.078125
12.454293891530002, 190.765625
12.46222600892153, 226.53125
12.47015897137664, 337.203125
12.47809278192311, 456.28125
12.48602744358872, 462.125
12.49396295940125, 317.703125
12.50189933238848, 220.984375
12.509836565578189, 199.546875
12.517774661998159, 199.65625
12.52571362467617, 206.484375
12.53365345664, 205.8125
12.54159416091743, 208.765625
12.549535740536239, 212.828125
12.55747819852421, 221.78125
12.56542153790912, 229.453125
12.573365761718751, 252.359375
12.58131087298088, 289.296875
12.58925687472329, 332.4375
12.59720376997376, 389.3125
12.60515156176007, 600.234375
12.61310025311, 1394.609375
12.621049847051331, 2719.046875
12.629000346611841, 3165.625
12.63695175481931, 2224.625
12.64490407470152, 961.453125
12.65285730928625, 627.34375
12.660811461601279, 642.46875
12.66876653467439, 834.21875
12.67672253153336, 1806.78125
12.684679455205972, 5925.921875
12.69263730872, 16180.046875
12.700596095103231, 28847.28125
12.708555817383441, 32240.59375
12.716516478588408, 27612.4375
12.72447808174592, 16223.234375
12.73244062988375, 6056.96875
12.74040412602968, 2611.1875
12.74836857321149, 1565.75
12.75633397445696, 1124.015625
12.76430033279387, 865.453125
12.772267651249999, 691.796875
12.780235932853131, 611.234375
12.788205180631039, 591.984375
12.79617539761151, 569.421875
12.80414658682232, 542.734375
12.81211875129125, 513.703125
12.82009189404608, 478.078125
12.828066018114589, 423.65625
12.83604112652456, 382.34375
12.844017222303771, 349.8125
12.851994308479998, 323.109375
12.859972388081031, 308.703125
12.86795146413464, 331.46875
12.87593153966861, 395.421875
12.883912617710719, 453.390625
12.89189470128875, 427.078125
12.89987779343048, 329.9375
12.907861897163691, 268.015625
12.91584701551616, 249.078125
12.923833151515671, 241.859375
12.93182030819, 235.109375
12.93980848856693, 231.8125
12.94779769567424, 247.375
12.95578793253971, 263.640625
12.96377920219112, 261.359375
12.97177150765625, 241.203125
12.979764851962878, 228.203125
12.987759238138791, 223.96875
12.99575466921176, 225.125
13.00375114820957, 235.0
13.01174867816, 238.359375
13.01974726209083, 244.4375
13.027746903029842, 234.6875
13.03574760400481, 214.5
13.043749368043521, 215.015625
13.05175219817375, 226.6875
13.05975609742328, 254.375
13.06776106881989, 296.53125
13.07576711539136, 348.5625
13.083774240165472, 374.328125
13.091782446169999, 353.984375
13.09979173643273, 347.796875
13.107802113981439, 364.75
13.11581358184391, 354.71875
13.123826143047921, 441.84375
13.131839800621249, 661.0625
13.13985455759168, 910.5625
13.14787041698699, 1139.53125
13.15588738183496, 1502.875
13.16390545516337, 1744.96875
13.171924639999999, 1487.984375
13.17994493937263, 998.234375
13.18796635630904, 686.65625
13.195988893837011, 587.25
13.20401255498432, 498.734375
13.21203734277875, 378.296875
13.22006326024808, 323.890625
13.22809031042009, 351.84375
13.23611849632256, 412.609375
13.24414782098327, 468.15625
13.25217828743, 467.234375
13.260209898690531, 410.46875
13.268242657792639, 380.515625
13.27627656776411, 463.84375
13.284311631632722, 544.609375
13.29234785242625, 516.203125
13.300385233172479, 427.53125
13.30842377689919, 431.75
13.31646348663416, 457.359375
13.32450436540517, 428.125
13.33254641624, 428.390625
13.340589642166432, 604.328125
13.34863404621224, 974.671875
13.356679631405209, 1384.703125
13.36472640077312, 1586.046875
13.37277435734375, 2007.953125
13.380823504144882, 3700.1875
13.388873844204289, 6641.34375
13.39692538054976, 13773.96875
13.40497811620907, 18953.671875
13.41303205421, 19049.40625
13.421087197580329, 8943.078125
13.429143549347842, 3482.890625
13.437201112540311, 2062.34375
13.445259890185522, 2337.25
13.453319885311249, 2678.453125
13.46138110094528, 1740.609375
13.469443540115389, 837.65625
13.47750720584936, 605.296875
13.48557210117497, 494.109375
13.49363822912, 381.859375
13.501705592712229, 312.734375
13.50977419497944, 283.484375
13.517844038949411, 267.375
13.525915127649919, 251.53125
13.533987464108751, 232.453125
13.542061051353679, 215.3125
13.55013589241249, 204.765625
13.55821199031296, 194.0625
13.56628934808287, 191.140625
13.57436796875, 213.09375
13.58244785534213, 337.421875
13.59052901088704, 598.453125
13.59861143841251, 725.0625
13.60669514094632, 540.21875
13.614780121516251, 296.234375
13.62286638315008, 203.71875
13.63095392887559, 184.296875
13.63904276172056, 179.5
13.64713288471277, 180.40625
13.655224300879999, 184.515625
13.66331701325003, 191.5
13.67141102485064, 193.859375
13.67950633870961, 192.78125
13.68760295785472, 189.90625
13.69570088531375, 213.421875
13.70380012411448, 312.046875
13.711900677284689, 491.109375
13.720002547852161, 596.171875
13.72810573884467, 516.953125
13.736210253290002, 366.625
13.74431609421593, 313.21875
13.752423264650242, 345.859375
13.760531767620709, 349.15625
13.76864160615512, 297.78125
13.776752783281252, 243.8125
13.78486530202688, 214.75
13.792979165419789, 209.796875
13.801094376487761, 217.046875
13.809210938258571, 238.875
13.817328853760001, 255.921875
13.825448126019829, 290.296875
13.83356875806584, 338.734375
13.84169075292581, 401.828125
13.84981411362752, 649.109375
13.857938843198749, 2148.15625
13.86606494466728, 6612.78125
13.87419242106089, 11742.375
13.88232127540736, 12642.84375
13.89045151073447, 8666.84375
13.89858313007, 3608.3125
13.90671613644173, 1323.15625
13.91485053287744, 803.796875
13.922986322404912, 664.65625
13.93112350805192, 619.40625
13.939262092846251, 561.125
13.94740207981568, 502.734375
13.95554347198799, 481.28125
13.96368627239096, 443.828125
13.97183048405237, 402.8125
13.979976109999999, 341.109375
13.98812315326163, 386.859375
13.996271616865041, 831.9375
14.00442150383801, 1549.5
14.01257281720832, 1401.453125
14.02072556000375, 597.5
14.028879735252081, 276.875
14.03703534598109, 209.546875
14.04519239521856, 195.75
14.05335088599227, 191.59375
14.06151082133, 196.203125
14.069672204259529, 196.6875
14.07783503780864, 202.625
14.08599932500511, 203.03125
14.09416506887672, 192.984375
14.102332272451251, 193.28125
14.11050093875648, 208.90625
14.11867107082019, 277.359375
14.126842671670161, 341.34375
14.13501574433417, 299.484375
14.14319029184, 201.671875
14.15136631721543, 168.3125
14.159543823488242, 163.6875
14.167722813686211, 171.078125
14.17590329083712, 170.765625
14.18408525796875, 162.90625
14.192268718108881, 159.421875
14.20045367428529, 166.84375
14.20864012952576, 175.4375
14.21682808685807, 181.5
14.22501754931, 186.5625
14.233208519909331, 188.875
14.24140100168384, 190.15625
14.24959499766131, 225.0625
14.25779051086952, 354.5
14.26598754433625, 547.671875
14.27418610108928, 552.625
14.28238618415639, 378.65625
14.29058779656536, 266.828125
14.29879094134397, 256.3125
14.30699562152, 319.09375
14.31520184012123, 452.953125
14.32340960017544, 571.375
14.33161890471041, 780.25
14.33982975675392, 976.703125
14.348042159333751, 738.546875
14.356256115477679, 425.890625
14.36447162821349, 313.90625
14.37268870056896, 302.734375
14.38090733557187, 376.34375
14.38912753625, 477.3125
14.397349305631131, 496.296875
14.405572646743039, 672.75
14.41379756261351, 1586.171875
14.42202405627032, 3180.265625
14.43025213074125, 4349.296875
14.43848178905408, 4851.65625
14.44671303423659, 3468.65625
14.45494586931656, 1285.734375
14.463180297321768, 469.640625
14.47141632128, 316.015625
14.479653944219029, 278.703125
14.48789316916664, 270.328125
14.496133999150612, 293.671875
14.50437643719872, 448.234375
14.512620486338749, 1345.5
14.52086614959848, 4911.78125
14.52911343000569, 10034.9375
14.53736233058816, 9996.8125
14.545612854373669, 5129.34375
14.553865004390001, 1597.953125
14.56211878366493, 602.203125
14.570374195226242, 382.703125
14.578631242101709, 316.453125
14.58688992731912, 314.75
14.595150253906251, 388.765625
14.60341222489088, 366.75
14.61167584330079, 256.546875
14.619941112163762, 214.5
14.628208034507571, 207.921875
14.636476613360001, 254.359375
14.64474685174883, 538.625
14.65301875270184, 1254.75
14.66129231924681, 1516.109375
14.66956755441152, 1188.0
14.67784446122375, 625.34375
14.68612304271128, 349.609375
14.69440330190189, 279.015625
14.70268524182336, 413.25
14.710968865503471, 1449.546875
14.719254175969999, 4658.53125
14.72754117625073, 4464.265625
14.73582986937344, 3082.484375
14.744120258365909, 927.203125
14.75241234625592, 402.328125
14.76070613607125, 267.890625
14.76900163083968, 226.78125
14.77729883358899, 204.6875
14.785597747346959, 185.984375
14.79389837514137, 183.078125
14.80220072, 169.65625
14.810504784950629, 172.546875
14.81881057302104, 184.796875
14.82711808723901, 217.34375
14.83542733063232, 253.515625
14.843738306228751, 243.4375
14.85205101705608, 207.0
14.860365466142088, 185.5625
14.86868165651456, 181.578125
14.87699959120127, 191.8125
14.885319273230001, 213.984375
14.893640705628531, 218.953125
14.90196389142464, 194.609375
14.91028883364611, 165.328125
14.918615535320718, 152.765625
14.92694399947625, 155.84375
14.93527422914048, 192.984375
14.94360622734119, 282.3125
14.95193999710616, 300.609375
14.96027554146317, 239.3125
14.968612863439999, 182.65625
14.97695196606443, 158.171875
14.985292852364239, 160.234375
14.99363552536721, 194.125
15.00197998810112, 212.59375
15.01032624359375, 190.71875
15.01867429487288, 170.5625
15.02702414496629, 162.875
15.035375796901759, 166.59375
15.04372925370707, 178.046875
15.05208451841, 202.234375
15.060441594038329, 246.296875
15.06880048361984, 433.484375
15.07716119018231, 824.859375
15.085523716753519, 1184.484375
15.09388806636125, 1272.09375
15.10225424203328, 847.4375
15.110622246797389, 384.5625
15.118992083681361, 227.671875
15.12736375571297, 194.296875
15.135737265920001, 205.515625
15.144112617330231, 243.546875
15.15248981297144, 260.96875
15.16086885587141, 229.59375
15.16924974905792, 201.6875
15.17763249555875, 186.53125
15.186017098401681, 236.359375
15.194403560614491, 550.0
15.202791885224961, 1597.3125
15.21118207526087, 2779.28125
15.21957413375, 3219.78125
15.22796806372013, 2793.03125
15.23636386819904, 1225.046875
15.24476155021451, 411.328125
15.25316111279432, 251.15625
15.261562558966249, 268.765625
15.26996589175808, 588.125
15.27837111419759, 1906.40625
15.28677822931256, 1737.796875
15.29518724013077, 1498.28125
15.30359814968, 439.5
15.31201096098803, 215.734375
15.32042567708264, 218.0
15.328842300991612, 267.125
15.337260835742722, 237.8125
15.34568128436375, 178.484375
15.35410364988248, 157.875
15.36252793532669, 157.265625
15.37095414372416, 158.625
15.37938227810267, 178.265625
15.387812341490001, 214.46875
15.39624433691393, 230.171875
15.40467826740224, 208.5
15.41311413598271, 190.953125
15.42155194568312, 208.96875
15.429991699531248, 395.265625
15.43843340055488, 1643.5625
15.44687705178179, 5021.375
15.45532265623976, 5425.765625
15.46377021695657, 2158.453125
15.47221973696, 595.28125
15.48067121927783, 271.078125
15.489124666937839, 216.96875
15.49758008296781, 212.15625
15.506037470395519, 199.65625
15.514496832248751, 177.109375
15.522958171555281, 162.4375
15.531421491342892, 156.859375
15.53988679463936, 153.90625
15.54835408447247, 160.59375
15.55682336387, 219.609375
15.56529463585973, 416.765625
15.57376790346944, 556.53125
15.582243169726912, 349.9375
15.590720437659922, 193.109375
15.599199710296249, 172.828125
15.60768099066368, 178.125
15.61616428178999, 193.046875
15.624649586702962, 190.4375
15.633136908430371, 173.6875
15.64162625, 185.484375
15.65011761443963, 288.921875
15.65861100477704, 834.046875
15.66710642404001, 1460.328125
15.675603875256321, 1344.265625
15.68410336145375, 544.859375
15.69260488566008, 271.984375
15.701108450903089, 223.90625
15.709614060210562, 197.265625
15.718121716610272, 171.828125
15.726631423130002, 159.96875
15.735143182797529, 155.765625
15.74365699864064, 154.921875
15.752172873687112, 166.296875
15.76069081096472, 234.5
15.76921081350125, 324.703125
15.77773288432448, 317.640625
15.786257026462192, 212.953125
15.794783242942161, 146.125
15.803311536792169, 128.453125
15.81184191104, 121.28125
15.82037436871343, 121.53125
15.828908912840241, 124.53125
15.83744554644821, 122.203125
15.845984272565119, 120.375
15.854525094218749, 116.125
15.86306801443688, 117.21875
15.87161303624729, 118.5
15.880160162677761, 124.65625
15.88870939675607, 129.875
15.89726074151, 137.5
15.905814199967331, 195.5625
15.91436977515584, 517.484375
15.92292747010331, 1345.765625
15.931487287837522, 2432.265625
15.940049231386249, 2545.078125
15.94861330377728, 1711.765625
15.95717950803839, 868.796875
15.965747847197362, 345.03125
15.97431832428197, 210.46875
15.982890942320001, 224.0625
15.99146570433923, 396.1875
16.00004261336744, 1070.109375
16.00862167243241, 1952.53125
16.01720288456192, 2403.15625
16.02578625278375, 2317.140625
16.03437178012568, 1232.328125
16.04295946961549, 437.859375
16.051549324280963, 249.03125
16.060141347149873, 203.59375
16.06873554125, 192.890625
16.07733190960913, 200.328125
16.08593045525504, 224.125
16.094531181215512, 423.546875
16.10313409051832, 1352.578125
16.11173918619125, 1338.765625
16.12034647126208, 1274.359375
16.12895594875859, 1204.359375
16.137567621708563, 3086.234375
16.14618149313977, 3533.9375
16.15479756608, 3535.78125
16.163415843557033, 1355.140625
16.17203632859864, 451.515625
16.18065902423261, 321.21875
16.18928393348672, 437.65625
16.19791105938875, 442.640625
16.206540404966482, 277.671875
16.215171973247692, 196.171875
16.22380576726016, 173.59375
16.23244179003167, 181.59375
16.24108004459, 218.171875
16.24972053396293, 244.546875
16.25836326117824, 203.234375
16.26700822926371, 163.25
16.275655441247117, 152.640625
16.28430490015625, 171.046875
16.29295660901888, 205.109375
16.301610570862792, 198.859375
16.310266788715758, 171.390625
16.31892526560557, 185.1875
16.32758600456, 196.4375
16.33624900860683, 183.9375
16.34491428077384, 169.78125
16.35358182408881, 184.5
16.36225164157952, 336.609375
16.37092373627375, 1039.765625
16.379598111199282, 2260.90625
16.38827476938389, 2390.265625
16.39695371385536, 2899.75
16.40563494764147, 2517.109375
16.41431847377, 965.09375
16.423004295268733, 484.8125
16.43169241516544, 387.140625
16.44038283648791, 256.140625
16.44907556226392, 189.515625
16.45777059552125, 173.75
16.466467939287682, 151.421875
16.475167596590993, 136.828125
16.48386957045896, 134.25
16.492573863919368, 129.5
16.501280480000002, 131.28125
16.509989421728633, 126.515625
16.51870069213304, 119.328125
16.527414294241012, 117.328125
16.53613023108032, 121.421875
16.54484850567875, 153.359375
16.55356912106408, 324.859375
16.562292080264093, 488.171875
16.57101738630656, 335.15625
16.579745042219272, 201.21875
16.588475051030002, 202.21875
16.597207415766533, 226.59375
16.605942139456637, 279.28125
16.61467922512811, 428.015625
16.62341867580872, 417.515625
16.632160494526254, 265.046875
16.64090468430848, 203.953125
16.64965124818319, 180.875
16.65840018917816, 149.59375
16.66715151032117, 142.515625
16.67590521464, 160.5625
16.68466130516243, 209.03125
16.69341978491624, 192.984375
16.702180656929208, 168.703125
16.71094392422912, 200.390625
16.71970958984375, 252.453125
16.72847765680088, 336.953125
16.737248128128293, 468.96875
16.74602100685376, 604.328125
16.75479629600507, 540.03125
16.76357399861, 331.46875
16.77235411769633, 276.25
16.781136656291842, 305.578125
16.78992161742431, 249.390625
16.79870900412152, 158.390625
16.80749881941125, 126.875
16.816291066321284, 118.65625
16.825085747879392, 115.515625
16.83388286711336, 112.0
16.842682427050967, 112.203125
16.85148443072, 123.640625
16.86028888114823, 182.734375
16.86909578136344, 327.15625
16.87790513439341, 662.15625
16.88671694326592, 1241.59375
16.895531211008752, 1075.140625
16.90434794064968, 530.34375
16.91316713521649, 455.03125
16.921988797736958, 440.328125
16.93081293123887, 318.296875
16.93963953875, 268.6875
16.94846862329813, 277.734375
16.95730018791104, 206.046875
16.966134235616508, 141.203125
16.974970769442322, 118.625
16.98380979241625, 112.390625
16.992651307566078, 110.328125
17.00149531791959, 112.4375
17.01034182650456, 117.765625
17.01919083634877, 135.28125
17.02804235048, 164.21875
17.03689637192603, 273.84375
17.04575290371464, 489.78125
17.05461194887361, 676.78125
17.06347351043072, 715.09375
17.07233759141375, 565.3125
17.08120419485048, 290.53125
17.090073323768692, 225.265625
17.09894498119616, 349.546875
17.10781917016067, 432.71875
17.11669589369, 550.421875
17.125575154811933, 506.453125
17.134456956554242, 252.59375
17.14334130194471, 136.984375
17.152228194011123, 115.21875
17.16111763578125, 110.046875
17.17000963028288, 116.6875
17.17890418054379, 167.921875
17.18780128959176, 510.359375
17.19670096045457, 1444.9375
17.20560319616, 1832.5
17.21450799973583, 1563.53125
17.22341537420984, 1143.65625
17.23232532260981, 433.40625
17.24123784796352, 174.09375
17.250152953298752, 142.671875
17.25907064164328, 134.25
17.267990916024893, 123.6875
17.27691377947136, 114.875
17.28583923501047, 121.234375
17.294767285669998, 141.25
17.303697934477732, 133.3125
17.312631184461438, 110.765625
17.32156703864891, 104.484375
17.330505500067922, 112.96875
17.33944657174625, 121.3125
17.34839025671168, 114.828125
17.357336557991992, 121.515625
17.36628547861496, 196.75
17.37523702160837, 437.71875
17.384191190000003, 652.546875
17.39314798681763, 538.984375
17.40210741508904, 266.53125
17.411069477842013, 144.828125
17.42003417810432, 111.171875
17.42900151890375, 100.71875
17.43797150326808, 98.75
17.44694413422509, 97.21875
17.45591941480256, 95.5625
17.46489734802827, 96.21875
17.473877936930002, 91.921875
17.48286118453553, 93.59375
17.49184709387264, 91.515625
17.500835667969113, 96.65625
17.50982690985272, 109.546875
17.51882082255125, 145.046875
17.52781740909248, 296.390625
17.53681667250419, 523.21875
17.54581861581416, 406.34375
17.55482324205017, 259.0
17.56383055424, 381.0625
17.57284055541143, 1243.453125
17.58185324859224, 2111.5
17.59086863681021, 2081.859375
17.59988672309312, 1595.3125
17.60890751046875, 679.046875
17.617931001964884, 282.21875
17.62695720060929, 161.671875
17.63598610942976, 123.703125
17.645017731454068, 107.5625
17.65405206971, 99.15625
17.66308912722533, 91.640625
17.67212890702784, 87.28125
17.68117141214531, 90.859375
17.69021664560552, 88.28125
17.699264610436252, 88.46875
17.70831530966528, 105.953125
17.71736874632039, 136.25
17.72642492342936, 156.578125
17.73548384401997, 127.40625
17.744545511120002, 93.78125
17.75360992775723, 84.71875
17.76267709695944, 84.859375
17.77174702175441, 85.84375
17.780819705169918, 86.84375
17.789895150233754, 93.359375
17.79897335997368, 90.71875
17.808054337417488, 79.046875
17.81713808559296, 69.78125
17.82622460752787, 69.8125
17.83531390625, 72.640625
17.84440598478713, 88.8125
17.853500846167044, 101.109375
17.86259849341751, 124.890625
17.87169892956632, 245.03125
17.88080215764125, 399.5
17.88990818067008, 322.625
17.89901700168059, 157.640625
17.90812862370056, 96.109375
17.917243049757772, 88.359375
17.926360282879997, 78.703125
17.935480326095032, 71.125
17.94460318243064, 70.421875
17.953728854914612, 79.234375
17.962857346574722, 95.84375
17.971988660438747, 94.375
17.981122799534482, 78.84375
17.990259766889693, 80.734375
17.99939956553216, 130.703125
18.00854219848967, 445.765625
18.01768766879, 1154.484375
18.02683597946093, 1090.1875
18.03598713353024, 527.328125
18.045141134025712, 331.625
18.05429798397512, 159.453125
18.063457686406252, 90.078125
18.07262024434688, 83.34375
18.081785660824792, 81.34375
18.09095393886776, 85.484375
18.10012508150357, 87.671875
18.10929909176, 81.75
18.118475972664832, 77.75
18.127655727245838, 100.765625
18.13683835853081, 197.03125
18.14602386954752, 236.0625
18.15521226332375, 138.921875
18.16440354288728, 76.640625
18.17359771126589, 63.203125
18.18279477148736, 62.390625
18.19199472657947, 61.578125
18.20119757957, 60.734375
18.21040333348673, 59.234375
18.21961199135744, 59.109375
18.22882355620991, 57.46875
18.23803803107192, 60.546875
18.24725541897125, 71.28125
18.256475722935683, 115.671875
18.265698945992987, 150.1875
18.27492509117096, 119.125
18.28415416149737, 107.125
18.293386160000004, 111.96875
18.302621089706633, 87.6875
18.31185895364504, 67.453125
18.32109975484301, 67.71875
18.330343496328318, 67.625
18.33959018112875, 65.109375
18.348839812272082, 72.359375
18.35809239278609, 106.6875
18.36734792569856, 231.609375
18.37660641403727, 655.25
18.38586786083, 1287.53125
18.39513226910453, 1606.390625
18.40439964188864, 1358.984375
18.41366998221011, 909.46875
18.422943293096722, 415.328125
18.43221957757625, 209.078125
18.44149883867648, 130.90625
18.45078107942519, 82.609375
18.460066302850162, 69.984375
18.46935451197917, 65.203125
18.478645709840002, 66.15625
18.48793989946043, 92.484375
18.497237083868242, 180.203125
18.50653726609121, 224.578125
18.51584044915712, 162.296875
18.52514663609375, 95.53125
18.53445582992888, 71.578125
18.54376803369029, 60.875
18.553083250405763, 63.109375
18.56240148310307, 86.21875
18.571722734810002, 140.109375
18.58104700855433, 172.796875
18.59037430736384, 157.6875
18.59970463426631, 108.359375
18.60903799228952, 74.328125
18.618374384461248, 58.625
18.62771381380928, 54.15625
18.63705628336139, 55.125
18.646401796145362, 54.203125
18.65575035518897, 49.078125
18.66510196352, 48.0625
18.67445662416623, 54.4375
18.683814340155443, 91.890625
18.69317511451541, 196.5
18.70253895027392, 228.15625
18.71190585045875, 118.3125
18.72127581809768, 58.90625
18.730648856218487, 48.9375
18.74002496784896, 63.984375
18.74940415601687, 158.5625
18.758786423750003, 312.6875
18.76817177407613, 272.234375
18.77756021002304, 350.140625
18.786951734618512, 445.265625
18.796346350890317, 331.3125
18.80574406186625, 113.78125
18.81514487057408, 80.640625
18.82454878004159, 126.078125
18.83395579329656, 261.234375
18.843365913366767, 394.34375
18.852779143280003, 464.078125
18.86219548606403, 405.40625
18.87161494474664, 199.703125
18.881037522355612, 201.078125
18.890463221918722, 388.9375
18.899892046463748, 403.578125
18.909323999018483, 186.28125
18.91875908261069, 66.6875
18.92819730026816, 45.4375
18.93763865501867, 42.296875
18.94708314989, 41.4375
18.95653078790993, 42.046875
18.96598157210624, 41.625
18.97543550550671, 43.609375
18.984892591139122, 43.46875
18.994352832031254, 45.1875
19.00381623121088, 46.375
19.01328279170579, 43.5
19.02275251654376, 41.171875
19.03222540875257, 38.6875
19.04170147136, 38.953125
19.05118070739383, 35.96875
19.06066311988184, 41.078125
19.070148711851807, 45.84375
19.07963748633152, 51.578125
19.08912944634875, 67.953125
19.09862459493128, 158.46875
19.10812293510689, 261.78125
19.11762446990336, 172.578125
19.12712920234847, 65.859375
19.13663713547, 40.15625
19.146148272295733, 48.140625
19.15566261585344, 62.140625
19.16518016917091, 85.9375
19.174700935275922, 126.0625
19.184224917196254, 127.484375
19.19375211795968, 71.953125
19.20328254059399, 50.5
19.212816188126958, 42.015625
19.222353063586368, 33.171875
19.23189317, 27.796875
19.24143651039563, 24.703125
19.25098308780104, 24.625
19.26053290524401, 23.421875
19.270085965752322, 26.46875
19.27964227235375, 37.140625
19.28920182807608, 45.78125
19.298764635947087, 37.671875
19.30833069899456, 41.515625
19.31790002024627, 113.65625
19.327472602729998, 314.875
19.33704844947353, 433.546875
19.34662756350464, 264.203125
19.356209947851113, 116.0
19.36579560554072, 104.21875
19.37538453960125, 97.15625
19.38497675306048, 89.25
19.39457224894619, 72.25
19.404171030286157, 52.375
19.41377310010817, 52.453125
19.423378461440002, 61.71875
19.43298711730943, 46.984375
19.442599070744237, 38.0
19.452214324772207, 45.96875
19.46183288242112, 58.15625
19.47145474671875, 63.03125
19.481079920692878, 49.90625
19.49070840737129, 40.703125
19.500340209781758, 55.0625
19.50997533095207, 71.1875
19.51961377391, 82.15625
19.52925554168333, 115.734375
19.53890063729984, 163.546875
19.54854906378731, 123.15625
19.55820082417352, 63.84375
19.56785592148625, 51.921875
19.57751435875328, 60.296875
19.58717613900239, 114.390625
19.59684126526136, 221.25
19.606509740557968, 521.453125
19.61618156792, 1321.609375
19.62585675037523, 1275.703125
19.63553529095144, 424.984375
19.645217192676412, 128.421875
19.65490245857792, 118.390625
19.66459109168375, 190.46875
19.67428309502168, 254.890625
19.683978471619493, 269.046875
19.69367722450496, 317.984375
19.70337935670587, 294.65625
19.71308487125, 137.765625
19.72279377116513, 50.734375
19.73250605947904, 32.484375
19.74222173921951, 32.15625
19.75194081341432, 42.875
19.76166328509125, 63.375
19.77138915727808, 108.359375
19.78111843300259, 206.046875
19.790851115292558, 452.765625
19.80058720717577, 696.453125
19.81032671168, 649.703125
19.820069631833032, 342.96875
19.829815970662644, 200.546875
19.83956573119661, 211.125
19.849318916462718, 117.6875
19.85907552948875, 42.671875
19.868835573302484, 25.5
19.87859905093169, 21.09375
19.88836596540416, 20.5
19.89813631974767, 19.109375
19.907910116990003, 19.15625
19.917687360158933, 17.265625
19.92746805228224, 16.15625
19.93725219638771, 17.515625
19.94703979550312, 18.109375
19.95683085265625, 15.78125
19.96662537087488, 14.65625
19.97642335318679, 15.671875
19.98622480261976, 17.40625
19.99602972220157, 18.359375
20.00583811496, 16.5
20.01564998392283, 15.671875
20.02546533211784, 14.921875
20.035284162572808, 12.546875
20.04510647831552, 12.515625
20.054932282373752, 13.78125
20.06476157777528, 17.8125
20.07459436754789, 25.0625
20.08443065471936, 36.3125
20.09427044231747, 35.453125
20.10411373337, 28.3125
20.11396053090473, 26.09375
20.123810837949442, 18.21875
20.133664657531913, 14.9375
20.143521992679922, 16.890625
20.15338284642125, 16.9375
20.16324722178368, 22.046875
20.173115121794993, 25.078125
20.182986549482962, 20.359375
20.19286150787537, 18.75
20.202740000000002, 15.75
20.212622028884628, 15.21875
20.22250759755704, 19.65625
20.23239670904501, 39.125
20.242289366376323, 97.203125
20.25218557257875, 114.875
20.262085330680083, 86.921875
20.27198864370809, 74.65625
20.28189551469056, 44.09375
20.29180594665527, 24.734375
20.30171994263, 22.53125
20.31163750564253, 23.9375
20.321558638720642, 35.109375
20.33148334489211, 68.421875
20.341411627184723, 94.4375
20.351343488626252, 102.765625
20.36127893224448, 68.21875
20.37121796106719, 29.078125
20.381160578122163, 15.90625
20.39110678643717, 12.890625
20.40105658904, 12.078125
20.41100998895843, 12.40625
20.420966989220243, 12.65625
20.430927592853212, 12.328125
20.440891802885123, 11.875
20.450859622343753, 11.5625
20.46083105425688, 13.1875
20.47080610165229, 13.8125
20.48078476755776, 15.25
20.490767055001072, 18.609375
20.50075296701, 48.515625
20.51074250661233, 177.296875
20.52073567683584, 279.109375
20.53073248070831, 181.9375
20.540732921257522, 69.671875
20.550737001511248, 45.8125
20.560744724497283, 28.953125
20.57075609324339, 16.734375
20.58077111077736, 13.265625
20.59078978012697, 13.234375
20.60081210432, 13.375
20.61083808638423, 13.703125
20.62086772934744, 13.53125
20.63090103623741, 11.90625
20.64093801008192, 11.1875
20.65097865390875, 10.578125
20.66102297074568, 10.734375
20.67107096362049, 12.6875
